target_index,choice_index,nll,num_tokens,experiment,participant,window
0,0,1.634850025177002,1,xiong2023neural/exp1.csv,28,0
2400,2400,1.634850025177002,1,xiong2023neural/exp1.csv,28,0
4799,4799,1.634850025177002,1,xiong2023neural/exp1.csv,28,0
0,0,1.634850025177002,1,xiong2023neural/exp1.csv,28,5
2400,2400,0.6934999823570251,1,xiong2023neural/exp1.csv,28,5
4799,4799,0.5237504243850708,1,xiong2023neural/exp1.csv,28,5
0,0,1.634850025177002,1,xiong2023neural/exp1.csv,28,full
2400,2400,0.11289017647504807,1,xiong2023neural/exp1.csv,28,full
4799,4799,0.10029543936252594,1,xiong2023neural/exp1.csv,28,full
